device_id,device_type,inspection_date,usage_hours,avg_temperature,vibration_level,error_logs_count,pressure_variation,last_maintenance,failure,inspection_month,inspection_weekday,days_since_inspection
D0001,Retractor,2024-05-21,910,38.75,0.907,0,1.43,136,0,5,1,225
D0002,Drill,2024-06-12,3822,48.51,0.284,3,0.87,188,0,6,2,203
D0003,Drill,2023-09-22,3142,49.93,0.984,1,1.23,1,0,9,4,467
D0004,Retractor,2024-09-17,516,36.81,0.149,2,0.43,105,0,9,1,106
D0005,Saw,2023-10-19,4476,58.04,0.21,0,1.2,363,0,10,3,440
D0006,Drill,2024-04-08,3494,48.43,0.192,1,0.76,71,0,4,0,268
D0007,Drill,2024-07-13,3221,60.8,0.895,1,1.09,125,0,7,5,172
D0008,Drill,2023-04-07,2969,31.55,0.658,0,0.93,169,0,4,4,635
D0009,Retractor,2023-04-05,180,39.83,0.161,4,1.4,204,0,4,2,637
D0010,Drill,2023-11-22,1735,55.17,0.446,6,0.74,312,0,11,2,406
D0011,Retractor,2023-03-15,819,42.01,0.619,4,1.19,336,0,3,2,658
D0012,Retractor,2023-12-02,2441,48.35,0.093,3,0.92,194,0,12,5,396
D0013,Retractor,2023-03-09,2483,50.01,0.884,1,0.95,157,0,3,3,664
D0014,Drill,2023-03-18,1234,51.58,0.806,4,0.94,140,0,3,5,655
D0015,Retractor,2023-07-27,4605,43.22,0.51,2,0.75,274,0,7,3,524
D0016,Saw,2023-08-09,3435,51.49,0.967,3,1.0,6,0,8,2,511
D0017,Drill,2023-09-19,4167,42.17,0.424,2,0.98,53,0,9,1,470
D0018,Drill,2024-02-14,4893,56.74,0.984,0,1.07,103,0,2,2,322
D0019,Drill,2023-11-27,2954,48.85,0.671,2,1.03,341,0,11,0,401
D0020,Drill,2023-12-10,524,51.55,0.638,2,1.24,337,0,12,6,388
D0021,Drill,2023-03-15,1132,75.7,0.174,3,1.28,60,0,3,2,658
D0022,Retractor,2024-09-28,2608,38.93,0.883,1,0.68,86,0,9,5,95
D0023,Retractor,2024-11-30,2097,63.89,0.433,0,1.26,257,0,11,5,32
D0024,Drill,2023-09-11,2797,23.41,0.171,1,0.64,177,0,9,0,478
D0025,Retractor,2023-11-28,1025,29.22,0.022,3,1.18,241,0,11,1,400
D0026,Drill,2024-02-02,1856,37.59,0.564,1,1.19,202,0,2,4,334
D0027,Retractor,2023-12-11,239,38.22,0.532,1,0.43,30,0,12,0,387
D0028,Retractor,2024-08-06,2784,52.04,0.722,2,1.03,288,0,8,1,148
D0029,Retractor,2024-10-29,3055,52.9,0.891,5,0.86,79,0,10,1,64
D0030,Retractor,2024-03-30,4708,47.45,0.089,4,0.77,10,0,3,5,277
D0031,Saw,2023-04-25,1949,48.5,0.734,2,1.41,253,0,4,1,617
D0032,Drill,2023-11-09,1317,55.28,0.196,2,0.8,286,0,11,3,419
D0033,Saw,2023-08-16,1578,58.33,0.86,5,0.76,175,0,8,2,504
D0034,Retractor,2023-09-02,3252,36.73,0.821,1,1.02,125,0,9,5,487
D0035,Saw,2024-06-09,3606,46.38,0.545,2,1.21,46,0,6,6,206
D0036,Drill,2024-06-11,3940,49.3,0.713,1,0.96,205,1,6,1,204
D0037,Drill,2024-03-02,696,54.85,0.321,3,1.35,106,0,3,5,305
D0038,Retractor,2023-02-11,2938,42.27,0.476,0,1.16,274,0,2,5,690
D0039,Saw,2024-04-09,2485,49.11,0.823,0,0.35,336,0,4,1,267
D0040,Saw,2024-09-13,650,50.3,0.465,2,0.84,122,0,9,4,110
D0041,Saw,2023-10-05,2413,42.96,0.364,1,0.83,133,0,10,3,454
D0042,Drill,2023-01-19,2111,42.72,0.499,1,1.14,106,0,1,3,713
D0043,Drill,2023-03-07,291,50.99,0.83,2,0.21,304,0,3,1,666
D0044,Saw,2023-06-16,2091,48.7,0.342,1,1.76,328,0,6,4,565
D0045,Drill,2024-08-07,2874,55.0,0.182,2,1.16,49,0,8,2,147
D0046,Drill,2024-02-07,2662,39.47,0.715,2,1.04,336,0,2,2,329
D0047,Saw,2024-02-13,1413,46.49,0.828,3,1.35,94,0,2,1,323
D0048,Drill,2023-04-22,1528,47.71,0.11,3,1.7,267,0,4,5,620
D0049,Saw,2023-10-01,2606,58.14,0.247,1,1.26,22,0,10,6,458
D0050,Saw,2024-02-11,825,40.6,0.151,1,1.28,53,0,2,6,325
D0051,Retractor,2024-01-08,4064,52.35,0.354,1,1.04,253,0,1,0,359
D0052,Saw,2024-08-19,84,52.53,0.456,2,0.96,234,0,8,0,135
D0053,Drill,2024-10-12,3202,66.46,0.751,2,0.86,58,1,10,5,81
D0054,Retractor,2023-02-08,2005,39.93,0.655,1,0.75,163,0,2,2,693
D0055,Saw,2023-04-15,1635,43.43,0.625,1,0.79,258,0,4,5,627
D0056,Retractor,2023-11-20,3993,40.63,0.359,3,0.59,313,0,11,0,408
D0057,Drill,2024-02-18,3123,33.3,0.843,1,0.98,215,1,2,6,318
D0058,Saw,2024-03-04,1071,67.65,0.477,5,0.49,182,0,3,0,303
D0059,Drill,2024-09-26,3511,37.58,0.979,2,1.06,56,0,9,3,97
D0060,Retractor,2024-12-30,2663,41.84,0.638,3,0.99,144,0,12,0,2
D0061,Saw,2023-03-02,3893,63.16,0.135,0,1.04,89,0,3,3,671
D0062,Retractor,2024-09-03,1550,32.47,0.679,3,0.84,310,0,9,1,120
D0063,Retractor,2023-11-03,4848,57.56,0.332,0,1.92,44,0,11,4,425
D0064,Saw,2023-12-20,211,35.87,0.689,4,1.41,256,0,12,2,378
D0065,Retractor,2024-01-28,4347,62.47,0.079,1,0.63,20,0,1,6,339
D0066,Drill,2023-07-23,2031,28.3,0.183,2,1.07,20,0,7,6,528
D0067,Retractor,2023-09-15,1045,32.47,0.857,3,0.82,51,0,9,4,474
D0068,Drill,2024-04-30,4961,44.55,0.235,1,0.7,337,0,4,1,246
D0069,Drill,2024-05-31,3392,59.72,0.839,0,0.6,170,0,5,4,215
D0070,Retractor,2024-03-21,4601,49.69,0.286,2,1.13,66,0,3,3,286
D0071,Drill,2024-12-09,3848,46.64,0.646,2,0.8,112,0,12,0,23
D0072,Saw,2023-06-29,1325,63.46,0.697,2,1.29,299,0,6,3,552
D0073,Drill,2023-12-08,1066,71.55,0.518,0,1.3,159,0,12,4,390
D0074,Drill,2023-05-13,387,56.72,0.312,3,1.41,265,0,5,5,599
D0075,Drill,2024-03-18,928,43.77,0.221,5,0.74,319,0,3,0,289
D0076,Saw,2023-09-10,1126,45.82,0.043,1,1.14,231,0,9,6,479
D0077,Saw,2023-09-22,4937,37.12,0.311,2,1.19,324,0,9,4,467
D0078,Saw,2023-04-03,4043,51.01,0.657,2,0.86,67,0,4,0,639
D0079,Retractor,2024-10-23,4909,33.7,0.939,6,0.77,27,1,10,2,70
D0080,Saw,2024-02-15,429,55.52,0.872,1,1.48,115,0,2,3,321
D0081,Drill,2023-05-18,542,70.06,0.768,2,1.07,50,0,5,3,594
D0082,Saw,2023-07-27,2112,57.18,0.791,1,1.19,180,0,7,3,524
D0083,Saw,2024-09-28,3934,45.31,0.668,1,0.75,259,0,9,5,95
D0084,Drill,2024-07-26,114,55.27,0.268,2,0.63,78,0,7,4,159
D0085,Retractor,2023-11-03,2618,66.21,0.908,0,0.83,272,1,11,4,425
D0086,Saw,2023-09-23,2077,65.7,0.674,4,0.96,107,0,9,5,466
D0087,Retractor,2024-10-07,2745,39.96,0.565,2,0.68,73,0,10,0,86
D0088,Retractor,2023-11-14,1545,55.1,0.12,3,1.0,174,0,11,1,414
D0089,Retractor,2023-04-23,441,48.42,0.453,1,0.49,183,0,4,6,619
D0090,Drill,2024-01-13,4564,58.07,0.466,1,0.66,22,0,1,5,354
D0091,Retractor,2024-03-29,4524,53.84,0.866,3,1.2,273,1,3,4,278
D0092,Retractor,2023-07-10,3611,26.3,0.551,2,1.18,128,0,7,0,541
D0093,Drill,2024-03-15,2328,46.52,0.387,2,0.88,290,0,3,4,292
D0094,Retractor,2023-07-06,3149,51.99,0.977,0,0.69,319,1,7,3,545
D0095,Retractor,2024-01-02,250,35.66,0.12,1,0.69,185,0,1,1,365
D0096,Drill,2023-03-30,4925,55.81,0.428,2,0.89,58,0,3,3,643
D0097,Drill,2023-07-06,3154,34.76,0.052,0,1.19,0,0,7,3,545
D0098,Saw,2023-05-12,4648,42.02,0.743,4,1.28,130,0,5,4,600
D0099,Saw,2024-09-26,2504,63.41,0.919,5,0.85,66,0,9,3,97
D0100,Saw,2024-07-13,3695,41.16,0.287,0,0.65,292,0,7,5,172
D0101,Retractor,2024-01-11,854,55.74,0.86,0,1.08,284,0,1,3,356
D0102,Retractor,2024-11-21,2781,32.46,0.299,6,0.75,88,0,11,3,41
D0103,Retractor,2024-11-22,2823,70.81,0.912,0,0.84,99,0,11,4,40
D0104,Drill,2023-04-09,1620,46.95,0.756,1,1.4,188,0,4,6,633
D0105,Retractor,2023-02-03,2740,50.95,0.807,0,1.25,345,0,2,4,698
D0106,Saw,2024-08-04,3890,51.79,0.028,3,1.05,240,0,8,6,150
D0107,Drill,2023-06-20,1078,56.08,0.963,2,0.62,269,0,6,1,561
D0108,Drill,2024-01-01,552,34.81,0.729,3,1.06,218,0,1,0,366
D0109,Drill,2023-02-28,4543,49.95,0.312,5,1.32,175,0,2,1,673
D0110,Saw,2023-06-30,920,43.41,0.831,5,0.89,340,0,6,4,551
D0111,Saw,2023-01-19,4538,33.1,0.289,2,1.41,232,0,1,3,713
D0112,Saw,2023-08-14,256,59.87,0.874,3,1.39,150,0,8,0,506
D0113,Drill,2024-04-17,1534,46.48,0.121,6,1.5,276,0,4,2,259
D0114,Drill,2023-04-05,913,52.43,0.707,3,1.09,228,0,4,2,637
D0115,Retractor,2023-10-24,2840,51.8,0.545,2,1.18,170,0,10,1,435
D0116,Retractor,2024-08-15,613,46.65,0.106,3,1.42,222,0,8,3,139
D0117,Saw,2023-06-24,4241,69.75,0.249,1,1.13,212,1,6,5,557
D0118,Drill,2023-08-10,1807,49.53,0.022,1,0.85,281,0,8,3,510
D0119,Retractor,2024-09-06,1728,34.42,0.474,4,0.87,40,0,9,4,117
D0120,Saw,2023-02-23,3292,46.0,0.308,0,1.07,121,0,2,3,678
D0121,Saw,2024-11-25,4686,55.0,0.602,6,0.61,226,1,11,0,37
D0122,Retractor,2024-02-07,1109,55.33,0.304,2,0.96,293,0,2,2,329
D0123,Saw,2023-11-14,1772,39.12,0.307,3,1.33,87,0,11,1,414
D0124,Drill,2023-12-15,3364,59.29,0.746,2,0.34,266,1,12,4,383
D0125,Saw,2024-03-18,3207,32.37,0.058,0,1.46,28,0,3,0,289
D0126,Drill,2024-08-02,2675,61.44,0.904,1,1.34,246,0,8,4,152
D0127,Drill,2024-06-23,2779,36.81,0.854,4,0.86,315,0,6,6,192
D0128,Retractor,2023-10-09,1647,47.74,0.671,3,1.16,243,0,10,0,450
D0129,Retractor,2023-12-26,3110,60.65,0.597,3,1.0,60,0,12,1,372
D0130,Retractor,2024-09-22,2743,51.2,0.893,5,1.37,146,0,9,6,101
D0131,Saw,2024-10-07,4941,58.17,0.193,1,1.29,173,0,10,0,86
D0132,Retractor,2024-10-02,3677,56.19,0.088,4,0.58,277,0,10,2,91
D0133,Retractor,2023-01-08,1413,62.86,0.247,1,1.18,333,0,1,6,724
D0134,Saw,2024-07-16,2031,60.62,0.797,1,0.94,141,0,7,1,169
D0135,Retractor,2024-05-05,1713,45.46,0.044,1,1.02,43,0,5,6,241
D0136,Saw,2023-12-07,1579,56.33,0.587,0,0.78,143,0,12,3,391
D0137,Saw,2024-04-16,2088,34.73,0.995,1,1.52,352,1,4,1,260
D0138,Drill,2024-11-17,3352,49.42,0.857,4,1.31,332,1,11,6,45
D0139,Drill,2024-11-25,2287,58.18,0.526,2,0.78,54,0,11,0,37
D0140,Retractor,2024-12-04,1356,51.34,0.073,1,0.6,306,0,12,2,28
D0141,Saw,2023-09-06,4079,54.47,0.833,1,0.88,357,1,9,2,483
D0142,Drill,2023-08-23,2725,47.87,0.603,1,1.13,160,0,8,2,497
D0143,Drill,2023-03-24,1332,61.29,0.124,2,1.07,284,0,3,4,649
D0144,Drill,2023-04-03,759,49.2,0.103,2,1.38,324,0,4,0,639
D0145,Drill,2024-01-29,4794,45.35,0.911,0,1.24,197,1,1,0,338
D0146,Retractor,2023-09-25,4463,58.87,0.673,2,1.29,158,0,9,0,464
D0147,Drill,2024-02-21,3798,35.95,0.831,1,1.1,79,0,2,2,315
D0148,Retractor,2024-09-23,4829,55.01,0.88,2,0.58,30,0,9,0,100
D0149,Saw,2024-08-05,713,39.58,0.576,2,0.94,111,0,8,0,149
D0150,Retractor,2024-06-12,2048,62.78,0.522,0,1.32,45,0,6,2,203
D0151,Drill,2023-09-10,3495,47.39,0.436,2,0.98,352,0,9,6,479
D0152,Saw,2023-05-02,3793,51.35,0.324,0,1.15,204,0,5,1,610
D0153,Saw,2023-01-10,1545,54.13,0.44,3,0.9,51,0,1,1,722
D0154,Retractor,2023-11-12,3354,30.7,0.776,4,0.69,137,0,11,6,416
D0155,Saw,2023-09-30,3813,43.49,0.606,4,0.96,73,0,9,5,459
D0156,Retractor,2023-11-02,1903,60.44,0.894,3,1.09,40,0,11,3,426
D0157,Saw,2023-07-29,4709,58.68,0.449,3,0.8,76,0,7,5,522
D0158,Retractor,2024-12-30,1341,52.83,0.611,2,0.93,186,0,12,0,2
D0159,Drill,2024-04-08,3631,36.51,0.635,0,0.72,51,0,4,0,268
D0160,Retractor,2024-12-12,3507,55.86,0.596,2,1.34,86,0,12,3,20
D0161,Retractor,2024-12-28,1686,57.13,0.706,3,0.91,108,0,12,5,4
D0162,Drill,2024-12-17,3746,50.47,0.245,1,1.44,224,0,12,1,15
D0163,Retractor,2024-02-20,3049,62.23,0.517,2,1.46,247,0,2,1,316
D0164,Retractor,2023-08-04,3202,43.17,0.113,1,0.98,68,0,8,4,516
D0165,Saw,2023-03-21,748,44.9,0.391,1,0.7,119,0,3,1,652
D0166,Retractor,2024-04-24,2210,25.15,0.493,2,0.37,66,0,4,2,252
D0167,Saw,2024-06-30,4147,59.2,0.656,3,0.56,60,0,6,6,185
D0168,Drill,2023-01-18,4787,53.14,0.951,2,0.59,326,1,1,2,714
D0169,Saw,2023-06-14,904,33.18,0.605,0,1.41,190,0,6,2,567
D0170,Saw,2024-06-08,3524,32.41,0.746,3,1.03,188,1,6,5,207
D0171,Drill,2023-07-21,1757,41.27,0.511,2,1.12,150,0,7,4,530
D0172,Saw,2023-12-12,2827,57.94,0.638,2,0.33,285,0,12,1,386
D0173,Drill,2024-01-01,1783,47.0,0.08,0,0.64,95,0,1,0,366
D0174,Retractor,2024-03-23,4981,41.95,0.262,4,1.27,311,0,3,5,284
D0175,Retractor,2024-05-27,3560,39.94,0.368,2,1.09,308,0,5,0,219
D0176,Saw,2023-11-15,252,39.49,0.478,2,0.96,262,0,11,2,413
D0177,Retractor,2023-08-05,3305,30.66,0.055,1,1.17,96,0,8,5,515
D0178,Drill,2023-02-03,4268,37.93,0.149,2,1.49,112,0,2,4,698
D0179,Retractor,2023-09-23,4546,39.29,0.284,2,0.93,124,0,9,5,466
D0180,Drill,2024-10-01,816,56.83,0.972,2,1.02,131,0,10,1,92
D0181,Retractor,2024-12-24,4439,48.34,0.338,4,1.06,120,0,12,1,8
D0182,Saw,2023-03-21,2377,41.74,0.487,0,1.72,196,0,3,1,652
D0183,Retractor,2024-11-07,2981,73.1,0.204,1,0.37,293,0,11,3,55
D0184,Retractor,2024-02-17,247,43.36,0.615,4,1.2,121,0,2,5,319
D0185,Retractor,2023-09-09,1980,61.67,0.288,0,0.97,281,0,9,5,480
D0186,Drill,2023-01-12,3632,66.21,0.215,0,1.17,259,1,1,3,720
D0187,Drill,2024-02-05,658,34.3,0.521,3,0.8,38,0,2,0,331
D0188,Saw,2024-12-24,3322,50.74,0.015,0,0.99,53,0,12,1,8
D0189,Drill,2023-10-09,1197,44.82,0.018,1,1.21,160,0,10,0,450
D0190,Retractor,2023-04-22,4332,44.01,0.227,0,1.93,288,1,4,5,620
D0191,Retractor,2024-12-23,3447,55.55,0.046,1,1.24,199,0,12,0,9
D0192,Drill,2024-01-13,2561,43.77,0.117,2,0.75,275,0,1,5,354
D0193,Retractor,2023-09-25,1844,45.04,0.345,2,0.87,15,0,9,0,464
D0194,Saw,2023-10-25,709,48.32,0.805,1,0.86,172,0,10,2,434
D0195,Saw,2023-11-13,2861,46.27,0.576,2,0.46,247,0,11,0,415
D0196,Drill,2024-07-23,1419,38.26,0.518,3,0.9,217,0,7,1,162
D0197,Drill,2024-05-23,2036,57.96,0.301,0,1.22,86,0,5,3,223
D0198,Saw,2024-06-29,196,60.49,0.932,3,0.62,81,0,6,5,186
D0199,Saw,2023-12-31,3269,53.44,0.403,1,1.31,61,0,12,6,367
D0200,Drill,2024-06-30,2961,46.23,0.096,4,1.15,286,0,6,6,185
D0201,Drill,2023-09-28,1784,42.95,0.621,5,0.78,41,0,9,3,461
D0202,Drill,2024-04-18,1893,42.96,0.123,1,0.96,11,0,4,3,258
D0203,Retractor,2024-06-20,538,73.57,0.352,1,1.48,320,0,6,3,195
D0204,Drill,2023-08-22,3026,59.38,0.512,4,1.22,233,0,8,1,498
D0205,Drill,2023-02-28,2009,41.6,0.875,1,1.0,328,0,2,1,673
D0206,Retractor,2023-09-08,2435,51.65,0.499,1,0.93,130,0,9,4,481
D0207,Saw,2023-03-27,2969,46.37,0.705,3,1.02,114,0,3,0,646
D0208,Drill,2024-01-25,4786,55.84,0.993,2,0.85,217,1,1,3,342
D0209,Retractor,2023-06-29,1852,55.43,0.14,0,0.37,136,0,6,3,552
D0210,Drill,2024-12-19,4111,60.84,0.282,1,1.61,105,0,12,3,13
D0211,Drill,2023-05-29,3419,41.49,0.401,2,1.05,178,0,5,0,583
D0212,Retractor,2024-08-05,312,51.05,0.428,1,1.12,15,0,8,0,149
D0213,Saw,2023-05-01,673,32.51,0.417,4,0.98,241,0,5,0,611
D0214,Retractor,2024-08-27,1066,37.43,0.909,3,0.78,333,0,8,1,127
D0215,Drill,2023-09-13,3693,58.84,0.717,0,0.94,225,1,9,2,476
D0216,Saw,2023-11-05,2099,40.49,0.612,2,0.52,241,0,11,6,423
D0217,Retractor,2023-02-28,3773,41.59,0.316,4,1.68,140,0,2,1,673
D0218,Retractor,2023-03-10,4598,49.92,0.826,2,0.63,198,1,3,4,663
D0219,Saw,2024-03-21,3158,56.95,0.956,1,0.69,111,0,3,3,286
D0220,Drill,2024-01-23,4140,39.39,0.823,2,0.87,126,0,1,1,344
D0221,Retractor,2023-03-27,2106,15.19,0.012,2,1.39,20,0,3,0,646
D0222,Retractor,2023-08-15,3220,41.3,0.64,2,1.0,146,0,8,1,505
D0223,Retractor,2024-08-15,1732,62.06,0.061,1,0.63,88,0,8,3,139
D0224,Drill,2024-09-17,2305,53.43,0.265,0,1.38,302,0,9,1,106
D0225,Retractor,2023-07-03,1204,63.24,0.069,3,1.22,202,0,7,0,548
D0226,Saw,2023-11-18,4549,38.68,0.608,6,1.16,84,0,11,5,410
D0227,Saw,2023-11-14,3241,33.61,0.69,1,1.21,166,0,11,1,414
D0228,Retractor,2024-07-19,1746,54.63,0.123,2,1.72,71,0,7,4,166
D0229,Retractor,2024-02-03,4041,52.4,0.39,2,1.66,297,1,2,5,333
D0230,Saw,2024-12-09,4773,53.06,0.462,2,0.79,8,0,12,0,23
D0231,Saw,2023-10-20,4732,59.33,0.375,2,1.49,280,0,10,4,439
D0232,Retractor,2023-10-20,1698,54.22,0.13,2,1.11,257,0,10,4,439
D0233,Saw,2024-04-29,1495,54.06,0.425,1,1.15,274,0,4,0,247
D0234,Drill,2024-03-22,4249,57.15,0.754,4,0.49,237,1,3,4,285
D0235,Drill,2024-11-22,3973,55.02,0.08,3,0.95,19,0,11,4,40
D0236,Drill,2024-02-16,303,58.57,0.089,0,0.76,232,0,2,4,320
D0237,Drill,2024-05-22,3233,60.09,0.361,2,1.25,220,0,5,2,224
D0238,Saw,2023-09-01,2607,65.32,0.942,2,1.32,325,1,9,4,488
D0239,Drill,2024-02-24,148,43.51,0.672,3,0.38,16,0,2,5,312
D0240,Retractor,2023-06-03,2250,54.81,0.682,1,0.99,88,0,6,5,578
D0241,Retractor,2024-02-28,3011,46.3,0.368,2,1.34,195,0,2,2,308
D0242,Drill,2023-09-30,4483,41.66,0.598,0,0.94,349,0,9,5,459
D0243,Retractor,2024-10-08,3827,43.1,0.02,3,1.22,83,0,10,1,85
D0244,Drill,2024-06-03,2919,54.95,0.64,3,1.11,86,0,6,0,212
D0245,Drill,2023-05-08,3284,54.18,0.914,2,1.1,306,1,5,0,604
D0246,Drill,2024-01-08,3841,54.0,0.616,0,0.92,337,0,1,0,359
D0247,Retractor,2024-07-21,1006,47.74,0.875,3,0.64,153,0,7,6,164
D0248,Retractor,2024-09-29,4117,50.03,0.727,2,0.66,227,1,9,6,94
D0249,Drill,2023-06-08,210,58.18,0.129,4,1.21,263,0,6,3,573
D0250,Drill,2024-07-24,4543,35.11,0.903,1,1.01,222,1,7,2,161
D0251,Drill,2024-07-23,1350,50.25,0.076,3,0.96,120,0,7,1,162
D0252,Drill,2024-10-13,4961,50.9,0.539,2,0.87,172,0,10,6,80
D0253,Saw,2023-06-25,4037,57.53,0.151,4,0.91,3,0,6,6,556
D0254,Drill,2024-09-11,1577,36.5,0.022,0,1.31,341,0,9,2,112
D0255,Retractor,2023-07-30,1268,64.95,0.428,2,0.9,127,0,7,6,521
D0256,Drill,2024-03-22,4546,52.14,0.302,1,0.6,109,0,3,4,285
D0257,Saw,2024-08-08,4785,52.67,0.491,1,1.22,354,0,8,3,146
D0258,Retractor,2023-06-16,3154,45.99,0.581,1,0.94,36,0,6,4,565
D0259,Saw,2024-04-04,2785,55.38,0.053,0,1.01,70,0,4,3,272
D0260,Drill,2023-12-23,4605,50.48,0.132,1,1.48,288,0,12,5,375
D0261,Retractor,2023-10-31,1004,62.09,0.563,2,0.99,30,0,10,1,428
D0262,Drill,2023-08-21,4615,35.59,0.35,3,1.09,267,0,8,0,499
D0263,Retractor,2023-11-23,3496,51.76,0.732,5,0.65,10,0,11,3,405
D0264,Retractor,2023-07-01,1095,54.09,0.656,3,0.93,343,0,7,5,550
D0265,Retractor,2024-09-25,1743,48.14,0.847,2,1.18,327,0,9,2,98
D0266,Saw,2023-11-30,3486,45.95,0.696,4,0.53,31,0,11,3,398
D0267,Drill,2024-12-15,612,46.37,0.436,3,1.06,56,0,12,6,17
D0268,Saw,2023-01-29,2535,51.75,0.676,2,1.03,165,0,1,6,703
D0269,Saw,2024-12-14,3404,31.9,0.283,1,1.01,187,0,12,5,18
D0270,Drill,2023-04-03,275,59.65,0.313,1,1.31,341,0,4,0,639
D0271,Drill,2024-11-18,4943,45.2,0.791,4,1.1,18,0,11,0,44
D0272,Drill,2023-11-26,1009,51.28,0.452,5,1.44,115,0,11,6,402
D0273,Retractor,2024-12-23,4598,53.67,0.8,1,0.7,183,1,12,0,9
D0274,Saw,2023-07-03,3117,44.74,0.824,3,1.04,269,1,7,0,548
D0275,Saw,2023-04-05,865,48.69,0.859,2,1.03,32,0,4,2,637
D0276,Saw,2024-10-10,4804,29.65,0.917,1,0.68,9,0,10,3,83
D0277,Saw,2023-12-19,4692,57.32,0.437,2,1.29,79,0,12,1,379
D0278,Saw,2023-09-22,3170,60.8,0.326,1,1.7,191,1,9,4,467
D0279,Retractor,2024-10-08,66,32.99,0.586,2,0.99,319,0,10,1,85
D0280,Drill,2024-10-17,1293,45.94,0.377,1,1.15,189,0,10,3,76
D0281,Retractor,2023-01-19,2255,37.7,0.605,0,1.03,67,0,1,3,713
D0282,Retractor,2024-10-07,2574,48.22,0.709,2,0.79,347,0,10,0,86
D0283,Retractor,2024-09-17,1119,56.49,0.692,1,0.45,124,0,9,1,106
D0284,Drill,2024-05-13,3494,59.87,0.381,2,0.79,335,0,5,0,233
D0285,Drill,2023-05-19,2615,61.22,0.175,3,0.58,58,0,5,4,593
D0286,Saw,2024-09-28,1110,63.11,0.436,0,1.51,96,0,9,5,95
D0287,Retractor,2024-12-16,2377,47.78,0.151,0,0.97,274,0,12,0,16
D0288,Saw,2024-07-26,3470,38.53,0.891,2,0.9,148,0,7,4,159
D0289,Drill,2024-06-08,351,48.85,0.352,1,1.27,277,0,6,5,207
D0290,Drill,2023-09-12,4326,56.33,0.163,2,0.66,264,0,9,1,477
D0291,Drill,2023-03-26,656,37.73,0.035,3,0.77,8,0,3,6,647
D0292,Drill,2024-04-02,3220,66.6,0.649,2,1.02,282,1,4,1,274
D0293,Retractor,2024-06-15,749,58.98,0.641,3,1.31,272,0,6,5,200
D0294,Saw,2024-07-15,1189,47.93,0.347,3,1.15,300,0,7,0,170
D0295,Drill,2024-11-06,240,42.89,0.081,3,1.07,7,0,11,2,56
D0296,Saw,2023-04-02,2350,43.31,0.416,2,1.02,207,0,4,6,640
D0297,Drill,2024-08-22,1030,50.74,0.318,0,1.12,124,0,8,3,132
D0298,Saw,2023-03-10,3025,47.71,0.68,2,1.06,122,0,3,4,663
D0299,Saw,2023-02-06,1234,59.51,0.61,2,0.69,32,0,2,0,695
D0300,Drill,2023-05-20,3377,46.57,0.371,2,1.01,0,0,5,5,592
D0301,Drill,2024-11-10,3444,55.06,0.226,3,0.68,203,0,11,6,52
D0302,Saw,2024-07-19,177,49.71,0.988,1,1.02,5,0,7,4,166
D0303,Retractor,2023-06-27,2115,52.7,0.459,2,0.86,296,0,6,1,554
D0304,Drill,2024-09-09,1866,47.7,0.691,0,1.76,4,0,9,0,114
D0305,Drill,2023-05-17,619,57.08,0.149,0,0.99,79,0,5,2,595
D0306,Retractor,2023-07-09,1945,57.23,0.491,2,0.58,273,0,7,6,542
D0307,Retractor,2024-10-01,2783,54.6,0.037,3,0.96,176,0,10,1,92
D0308,Drill,2023-12-08,3913,56.08,0.51,1,1.16,337,0,12,4,390
D0309,Drill,2024-07-12,4771,40.56,0.964,1,1.5,320,1,7,4,173
D0310,Drill,2023-01-05,4064,53.23,0.39,4,0.82,338,0,1,3,727
D0311,Drill,2023-09-14,2951,62.49,0.049,1,0.53,135,0,9,3,475
D0312,Saw,2024-10-23,1736,54.91,0.041,2,1.25,24,0,10,2,70
D0313,Saw,2023-08-31,3059,39.69,0.394,0,0.59,324,0,8,3,489
D0314,Saw,2024-12-20,204,49.5,0.168,4,0.87,182,0,12,4,12
D0315,Drill,2024-02-19,2587,53.75,0.033,3,0.92,167,0,2,0,317
D0316,Saw,2024-09-18,1459,42.43,0.759,2,0.98,337,0,9,2,105
D0317,Drill,2024-12-07,4107,36.42,0.464,2,1.21,177,0,12,5,25
D0318,Drill,2023-12-09,834,46.84,0.296,3,0.79,94,0,12,5,389
D0319,Saw,2024-11-12,3225,42.59,0.901,3,0.92,32,0,11,1,50
D0320,Drill,2024-01-14,4391,49.86,0.125,1,1.0,110,0,1,6,353
D0321,Saw,2024-08-16,2856,34.09,0.956,3,1.04,145,0,8,4,138
D0322,Saw,2024-10-27,587,55.65,0.321,3,1.03,230,0,10,6,66
D0323,Saw,2024-10-14,1891,43.65,0.89,0,1.13,271,0,10,0,79
D0324,Saw,2023-05-26,2505,59.96,0.607,4,1.25,335,0,5,4,586
D0325,Saw,2023-11-19,574,47.23,0.828,4,1.12,37,0,11,6,409
D0326,Retractor,2023-05-02,3000,49.75,0.984,2,1.14,134,0,5,1,610
D0327,Retractor,2023-09-09,4181,48.27,0.296,2,0.53,333,0,9,5,480
D0328,Retractor,2023-11-07,4830,43.12,0.962,2,1.02,234,1,11,1,421
D0329,Retractor,2024-08-23,4165,74.72,0.396,0,1.14,318,1,8,4,131
D0330,Retractor,2024-04-19,2418,45.04,0.392,2,1.22,344,0,4,4,257
D0331,Saw,2024-07-23,3897,60.24,0.347,2,0.79,159,0,7,1,162
D0332,Drill,2024-05-06,4545,39.06,0.546,3,0.8,37,0,5,0,240
D0333,Drill,2024-07-28,2751,53.72,0.163,0,0.83,149,0,7,6,157
D0334,Saw,2023-12-13,1021,54.79,0.558,1,1.16,307,0,12,2,385
D0335,Drill,2024-05-01,1216,49.76,0.546,3,1.31,28,0,5,2,245
D0336,Drill,2024-04-17,4979,44.29,0.764,3,0.88,143,0,4,2,259
D0337,Retractor,2024-01-17,2824,47.37,0.835,4,1.27,75,0,1,2,350
D0338,Retractor,2023-10-07,2032,45.97,0.446,0,1.04,144,0,10,5,452
D0339,Retractor,2023-03-13,903,74.02,0.309,3,0.96,228,0,3,0,660
D0340,Drill,2024-06-04,4196,49.77,0.267,1,0.94,63,0,6,1,211
D0341,Retractor,2024-01-01,3786,55.25,0.203,2,1.22,346,0,1,0,366
D0342,Saw,2023-04-04,3819,67.82,0.067,5,1.1,344,1,4,1,638
D0343,Drill,2024-01-08,624,41.24,0.349,0,1.68,268,0,1,0,359
D0344,Drill,2023-12-05,3311,50.38,0.278,1,0.74,327,0,12,1,393
D0345,Retractor,2024-03-12,1198,47.31,0.967,3,1.16,183,0,3,1,295
D0346,Saw,2023-12-02,1765,49.14,0.562,3,0.84,260,0,12,5,396
D0347,Retractor,2024-10-25,4827,48.21,0.354,1,0.74,267,0,10,4,68
D0348,Retractor,2024-05-06,4983,42.68,0.585,0,1.0,168,0,5,0,240
D0349,Drill,2023-02-09,3904,51.95,0.148,3,1.04,258,0,2,3,692
D0350,Drill,2023-12-25,2541,39.37,0.45,3,1.88,226,0,12,0,373
D0351,Retractor,2024-07-27,2710,59.89,0.63,0,0.94,32,0,7,5,158
D0352,Drill,2023-09-11,3174,56.23,0.494,2,0.66,213,0,9,0,478
D0353,Drill,2024-08-03,3101,45.07,0.408,0,1.08,49,0,8,5,151
D0354,Drill,2024-02-02,54,45.55,0.994,4,0.38,209,0,2,4,334
D0355,Retractor,2023-06-19,4919,52.76,0.882,0,0.97,28,0,6,0,562
D0356,Drill,2024-11-20,926,42.01,0.627,2,1.0,38,0,11,2,42
D0357,Retractor,2024-12-01,1041,68.12,0.574,1,1.24,346,0,12,6,31
D0358,Drill,2024-05-25,4192,53.58,0.624,0,1.29,99,0,5,5,221
D0359,Saw,2023-09-17,4414,53.93,0.209,1,0.85,172,0,9,6,472
D0360,Drill,2024-08-06,4515,56.81,0.401,2,0.95,16,0,8,1,148
D0361,Retractor,2024-04-03,685,44.21,0.049,5,0.77,55,0,4,2,273
D0362,Drill,2024-06-12,1743,60.89,0.481,1,0.66,225,0,6,2,203
D0363,Retractor,2023-12-07,1732,51.15,0.548,3,1.09,45,0,12,3,391
D0364,Retractor,2023-02-26,4802,59.5,0.235,1,0.62,66,0,2,6,675
D0365,Drill,2023-08-06,169,48.02,0.964,5,0.88,196,0,8,6,514
D0366,Retractor,2024-09-10,880,63.17,0.91,2,0.7,141,0,9,1,113
D0367,Drill,2024-11-15,3725,54.01,0.725,0,1.16,322,1,11,4,47
D0368,Saw,2024-04-08,1419,71.83,0.538,1,1.54,22,0,4,0,268
D0369,Retractor,2023-09-04,790,46.3,0.871,2,0.61,93,0,9,0,485
D0370,Retractor,2024-12-30,166,52.05,0.139,0,0.44,241,0,12,0,2
D0371,Retractor,2024-01-08,2888,39.68,0.793,1,0.96,236,0,1,0,359
D0372,Retractor,2024-02-21,1200,44.71,0.134,3,1.0,53,0,2,2,315
D0373,Saw,2023-01-31,1981,56.19,0.796,0,1.07,137,0,1,1,701
D0374,Saw,2024-01-03,1062,61.29,0.283,0,0.87,332,0,1,2,364
D0375,Drill,2024-07-12,1714,79.65,0.878,2,0.94,271,1,7,4,173
D0376,Retractor,2024-10-07,1131,49.03,0.945,2,1.11,40,0,10,0,86
D0377,Retractor,2023-04-18,4779,40.67,0.157,2,1.31,97,0,4,1,624
D0378,Saw,2024-08-06,562,57.53,0.468,4,0.41,182,0,8,1,148
D0379,Drill,2024-02-22,2899,38.72,0.981,3,0.89,127,0,2,3,314
D0380,Saw,2024-09-11,609,55.64,0.489,1,1.06,228,0,9,2,112
D0381,Saw,2024-02-02,3722,44.98,0.865,3,0.72,316,1,2,4,334
D0382,Drill,2023-09-29,4633,52.12,0.593,1,1.52,85,0,9,4,460
D0383,Retractor,2024-11-13,3393,60.91,0.382,3,0.81,255,0,11,2,49
D0384,Retractor,2023-04-26,4120,48.89,0.293,3,0.99,208,0,4,2,616
D0385,Saw,2024-08-08,4849,59.33,0.211,2,1.17,214,0,8,3,146
D0386,Saw,2023-09-13,1520,58.73,0.764,3,0.82,99,0,9,2,476
D0387,Saw,2023-03-22,630,31.36,0.393,2,0.45,48,0,3,2,651
D0388,Drill,2023-05-08,2344,40.98,0.516,3,0.87,200,0,5,0,604
D0389,Drill,2023-08-23,3197,34.38,0.497,1,1.31,257,0,8,2,497
D0390,Saw,2024-07-06,4299,70.02,0.582,3,0.9,177,0,7,5,179
D0391,Retractor,2023-06-30,1729,48.95,0.867,2,0.75,244,0,6,4,551
D0392,Retractor,2023-06-06,3556,67.81,0.981,4,1.28,122,1,6,1,575
D0393,Drill,2024-03-29,2794,33.67,0.414,3,0.9,341,0,3,4,278
D0394,Drill,2024-07-24,3406,44.27,0.829,1,0.85,170,0,7,2,161
D0395,Retractor,2024-12-04,4095,58.0,0.767,1,1.04,332,1,12,2,28
D0396,Drill,2023-01-24,1293,51.79,0.578,2,1.23,135,0,1,1,708
D0397,Retractor,2024-04-17,3168,55.33,0.956,4,1.71,58,1,4,2,259
D0398,Saw,2024-02-04,2191,37.46,0.208,2,1.25,192,0,2,6,332
D0399,Drill,2024-08-14,3109,63.77,0.118,3,1.35,267,0,8,2,140
D0400,Saw,2023-05-14,4598,57.77,0.855,1,0.85,259,1,5,6,598
D0401,Drill,2024-02-25,3009,54.02,0.445,2,0.69,94,0,2,6,311
D0402,Drill,2023-08-01,2315,43.14,0.848,4,1.02,124,0,8,1,519
D0403,Saw,2024-04-26,2529,53.24,0.894,4,1.03,40,0,4,4,250
D0404,Saw,2023-12-14,4696,47.09,0.072,1,0.68,253,0,12,3,384
D0405,Drill,2023-06-15,1685,33.5,0.885,3,0.95,6,0,6,3,566
D0406,Saw,2023-12-14,1807,49.5,0.454,0,1.12,215,0,12,3,384
D0407,Retractor,2024-02-02,4502,48.43,0.515,2,1.11,68,0,2,4,334
D0408,Retractor,2024-08-05,2120,60.62,0.63,5,1.15,68,0,8,0,149
D0409,Saw,2024-12-26,2899,27.66,0.927,1,1.09,80,0,12,3,6
D0410,Retractor,2024-03-10,3301,52.35,0.029,2,0.85,29,0,3,6,297
D0411,Retractor,2024-07-30,3780,38.44,0.482,2,0.85,72,0,7,1,155
D0412,Retractor,2023-08-09,2539,53.19,0.691,0,0.64,261,0,8,2,511
D0413,Drill,2023-11-04,1681,53.74,0.725,3,1.54,88,0,11,5,424
D0414,Retractor,2024-11-27,2866,49.13,0.696,1,1.0,207,0,11,2,35
D0415,Retractor,2024-12-19,1065,58.07,0.143,4,0.93,212,0,12,3,13
D0416,Saw,2024-04-10,1398,37.54,0.306,5,0.72,321,0,4,2,266
D0417,Retractor,2023-04-09,4661,61.08,0.365,3,1.88,265,1,4,6,633
D0418,Drill,2023-08-30,3137,42.92,0.806,2,0.68,292,1,8,2,490
D0419,Drill,2023-06-07,2889,34.44,0.286,0,0.87,206,0,6,2,574
D0420,Saw,2024-09-01,385,47.28,0.219,3,1.12,332,0,9,6,122
D0421,Drill,2024-07-07,4642,29.05,0.958,1,1.18,76,0,7,6,178
D0422,Drill,2024-10-12,945,52.54,0.019,1,1.29,287,0,10,5,81
D0423,Retractor,2023-08-15,3596,47.41,0.998,1,1.54,46,1,8,1,505
D0424,Retractor,2024-02-27,901,62.34,0.68,1,1.15,109,0,2,1,309
D0425,Drill,2023-03-13,1737,56.49,0.83,2,0.68,199,0,3,0,660
D0426,Saw,2023-08-31,1981,36.08,0.302,2,0.92,209,0,8,3,489
D0427,Saw,2024-06-13,3796,41.62,0.024,1,1.09,153,0,6,3,202
D0428,Retractor,2024-08-11,2477,55.21,0.74,0,1.62,9,0,8,6,143
D0429,Drill,2023-02-14,1618,58.47,0.836,5,0.58,352,0,2,1,687
D0430,Retractor,2024-04-16,4050,62.23,0.743,0,1.36,156,0,4,1,260
D0431,Saw,2024-01-06,2788,62.15,0.151,0,1.05,260,0,1,5,361
D0432,Drill,2024-10-13,3548,49.1,0.756,1,1.25,76,0,10,6,80
D0433,Retractor,2024-11-19,3963,53.63,0.771,1,0.97,256,1,11,1,43
D0434,Retractor,2023-04-02,1116,62.99,0.662,3,0.75,130,0,4,6,640
D0435,Saw,2023-01-22,4430,46.97,0.768,1,1.23,66,0,1,6,710
D0436,Retractor,2023-06-21,2494,53.8,0.847,0,1.2,227,0,6,2,560
D0437,Saw,2024-08-26,4157,46.73,0.617,1,1.29,162,0,8,0,128
D0438,Saw,2023-07-11,3423,44.49,0.098,4,1.0,14,0,7,1,540
D0439,Drill,2023-03-18,4019,50.48,0.493,2,0.82,231,0,3,5,655
D0440,Drill,2023-10-08,2596,43.12,0.087,0,0.53,194,0,10,6,451
D0441,Retractor,2023-12-30,803,48.69,0.413,3,1.25,348,0,12,5,368
D0442,Saw,2023-06-28,2132,39.65,0.413,1,1.13,29,0,6,2,553
D0443,Saw,2023-08-26,2824,48.1,0.075,1,0.71,358,0,8,5,494
D0444,Drill,2023-05-15,2946,54.48,0.355,0,0.84,337,0,5,0,597
D0445,Drill,2023-10-07,4235,44.11,0.12,3,0.86,330,0,10,5,452
D0446,Saw,2023-01-19,825,50.09,0.81,1,0.56,315,0,1,3,713
D0447,Drill,2024-08-17,1675,51.39,0.948,0,0.75,295,0,8,5,137
D0448,Retractor,2024-01-06,3119,54.53,0.082,2,0.66,329,0,1,5,361
D0449,Saw,2023-04-22,467,48.66,0.956,3,0.88,219,0,4,5,620
D0450,Drill,2024-11-06,164,60.86,0.527,1,0.78,146,0,11,2,56
D0451,Retractor,2024-11-10,666,28.99,0.307,5,0.51,258,0,11,6,52
D0452,Saw,2023-08-09,4024,79.38,0.086,3,1.61,291,1,8,2,511
D0453,Retractor,2023-10-31,3317,41.29,0.506,3,1.38,298,0,10,1,428
D0454,Retractor,2024-12-03,875,54.03,0.797,4,0.77,142,0,12,1,29
D0455,Saw,2023-11-21,1566,40.62,0.71,1,1.08,234,0,11,1,407
D0456,Retractor,2024-03-12,3196,56.44,0.06,2,1.13,114,0,3,1,295
D0457,Drill,2024-03-13,462,52.77,0.082,2,1.36,364,0,3,2,294
D0458,Drill,2023-06-19,778,43.49,0.409,2,0.75,89,0,6,0,562
D0459,Drill,2024-01-10,3398,60.73,0.302,2,1.33,207,0,1,2,357
D0460,Retractor,2024-07-10,2858,48.36,0.24,3,0.84,163,0,7,2,175
D0461,Drill,2024-01-16,725,55.47,0.288,3,0.6,83,0,1,1,351
D0462,Retractor,2023-01-14,3515,40.83,0.805,2,1.22,76,0,1,5,718
D0463,Drill,2024-10-30,2554,49.69,0.93,3,1.39,160,0,10,2,63
D0464,Saw,2024-05-14,3017,70.03,0.411,1,1.78,4,1,5,1,232
D0465,Retractor,2024-10-07,2836,59.63,0.907,3,0.64,77,0,10,0,86
D0466,Retractor,2024-01-26,1172,53.08,0.328,5,1.21,90,0,1,4,341
D0467,Drill,2024-07-02,4129,45.51,0.482,0,0.88,86,0,7,1,183
D0468,Saw,2024-07-18,1621,50.67,0.234,1,1.24,269,0,7,3,167
D0469,Drill,2024-06-13,2193,51.98,0.644,2,0.56,103,0,6,3,202
D0470,Drill,2024-05-06,1737,54.49,0.979,0,0.62,338,0,5,0,240
D0471,Saw,2024-07-03,4182,39.23,0.607,2,0.77,174,0,7,2,182
D0472,Saw,2024-11-29,3901,56.68,0.364,0,1.02,53,0,11,4,33
D0473,Drill,2024-01-20,3490,39.1,0.651,2,0.81,210,0,1,5,347
D0474,Saw,2023-07-15,3816,66.31,0.132,1,1.2,94,0,7,5,536
D0475,Drill,2023-10-27,2376,42.28,0.89,3,1.31,222,0,10,4,432
D0476,Retractor,2024-06-30,2964,52.97,0.508,2,1.18,8,0,6,6,185
D0477,Drill,2024-12-27,4002,60.05,0.455,5,1.49,52,0,12,4,5
D0478,Retractor,2024-08-24,645,47.48,0.59,3,1.12,76,0,8,5,130
D0479,Drill,2023-11-04,778,53.41,0.629,1,0.63,205,0,11,5,424
D0480,Saw,2023-09-09,1415,64.35,0.081,1,1.41,315,0,9,5,480
D0481,Retractor,2023-01-08,4542,55.64,0.686,3,0.82,301,0,1,6,724
D0482,Saw,2023-07-27,748,53.56,0.25,0,1.27,309,0,7,3,524
D0483,Retractor,2023-05-11,445,33.15,0.717,0,1.47,329,0,5,3,601
D0484,Retractor,2024-12-09,4221,40.66,0.824,1,1.14,111,0,12,0,23
D0485,Drill,2024-10-15,4410,60.47,0.806,1,0.55,350,1,10,1,78
D0486,Drill,2024-08-30,2552,55.7,0.557,2,0.72,164,0,8,4,124
D0487,Drill,2023-01-26,1869,57.21,0.525,4,1.4,278,0,1,3,706
D0488,Drill,2024-09-14,767,56.35,0.151,2,0.95,26,0,9,5,109
D0489,Saw,2024-03-29,2832,62.9,0.778,6,1.02,69,0,3,4,278
D0490,Drill,2024-09-26,4996,47.39,0.279,1,1.23,217,0,9,3,97
D0491,Drill,2023-07-05,3627,51.2,0.502,2,1.21,364,0,7,2,546
D0492,Retractor,2024-04-28,193,39.71,0.291,1,1.08,188,0,4,6,248
D0493,Saw,2024-11-10,3190,37.22,0.142,3,0.94,332,0,11,6,52
D0494,Saw,2023-02-20,4541,33.56,0.633,3,0.91,305,0,2,0,681
D0495,Retractor,2023-01-05,2988,41.15,0.064,2,1.26,123,0,1,3,727
D0496,Retractor,2024-08-11,3686,65.53,0.751,4,1.17,18,1,8,6,143
D0497,Drill,2023-06-09,3272,34.47,0.324,2,0.92,256,0,6,4,572
D0498,Saw,2023-07-27,1217,46.96,0.01,3,1.32,295,0,7,3,524
D0499,Drill,2023-09-14,2666,37.07,0.516,2,0.96,21,0,9,3,475
D0500,Retractor,2023-07-24,1112,43.99,0.056,2,0.74,39,0,7,0,527
D0501,Drill,2023-01-11,2206,51.7,0.283,1,0.77,37,0,1,2,721
D0502,Saw,2023-01-08,3032,43.0,0.71,3,0.71,47,0,1,6,724
D0503,Drill,2024-02-13,3344,60.9,0.072,3,0.92,182,0,2,1,323
D0504,Saw,2023-02-01,4779,65.34,0.841,2,1.37,74,1,2,2,700
D0505,Drill,2024-06-23,1206,27.51,0.014,0,0.76,208,0,6,6,192
D0506,Drill,2024-12-18,782,43.17,0.254,1,1.06,182,0,12,2,14
D0507,Saw,2024-01-22,4380,50.59,0.743,1,0.8,106,0,1,0,345
D0508,Saw,2023-08-16,4896,61.26,0.323,5,0.92,187,0,8,2,504
D0509,Saw,2024-10-01,1003,45.46,0.111,1,0.55,263,0,10,1,92
D0510,Drill,2024-04-19,2589,49.8,0.367,3,0.93,85,0,4,4,257
D0511,Drill,2024-12-24,3374,38.43,0.278,2,0.94,323,0,12,1,8
D0512,Drill,2023-07-26,3351,34.67,0.844,3,1.16,330,1,7,2,525
D0513,Retractor,2023-11-14,1592,64.45,0.32,4,1.07,136,0,11,1,414
D0514,Drill,2024-07-10,1241,31.76,0.791,3,0.64,345,0,7,2,175
D0515,Saw,2024-09-08,3043,73.29,0.893,3,1.33,335,1,9,6,115
D0516,Saw,2023-12-14,2731,57.25,0.439,2,1.06,94,0,12,3,384
D0517,Saw,2023-08-22,1267,56.8,0.911,3,1.06,325,0,8,1,498
D0518,Drill,2024-12-01,1590,55.75,0.384,2,1.0,244,0,12,6,31
D0519,Saw,2023-02-13,3286,47.47,0.964,2,0.84,89,0,2,0,688
D0520,Saw,2023-05-22,2436,53.92,0.098,5,1.07,58,0,5,0,590
D0521,Retractor,2024-10-09,3769,48.11,0.69,4,1.14,27,0,10,2,84
D0522,Retractor,2023-06-25,1438,55.53,0.499,1,0.48,71,0,6,6,556
D0523,Saw,2024-10-15,1906,49.66,0.394,2,0.84,269,0,10,1,78
D0524,Retractor,2024-03-24,1415,40.5,0.636,3,0.92,23,0,3,6,283
D0525,Retractor,2024-08-14,549,41.29,0.707,2,1.08,111,0,8,2,140
D0526,Saw,2023-03-23,1730,40.16,0.014,2,1.36,299,0,3,3,650
D0527,Drill,2023-05-15,560,59.71,0.175,0,0.77,55,0,5,0,597
D0528,Drill,2024-12-19,4362,43.83,0.716,3,0.85,222,1,12,3,13
D0529,Saw,2023-06-26,1374,30.88,0.67,2,0.85,119,0,6,0,555
D0530,Drill,2024-01-18,1205,53.97,0.966,3,0.76,178,0,1,3,349
D0531,Retractor,2023-08-31,1877,65.15,0.763,2,0.9,287,1,8,3,489
D0532,Saw,2024-07-20,3191,57.73,0.951,3,1.23,280,1,7,5,165
D0533,Drill,2023-05-21,3536,43.97,0.706,2,0.68,188,1,5,6,591
D0534,Drill,2024-04-01,1860,34.13,0.305,2,1.13,65,0,4,0,275
D0535,Retractor,2024-03-15,2973,48.66,0.114,2,0.49,297,0,3,4,292
D0536,Saw,2023-02-25,2264,48.41,0.784,3,0.83,248,0,2,5,676
D0537,Saw,2024-06-10,4236,40.31,0.648,2,0.9,75,0,6,0,205
D0538,Retractor,2024-11-27,763,55.51,0.058,1,1.5,136,0,11,2,35
D0539,Saw,2024-02-23,3652,68.47,0.366,1,0.92,163,0,2,4,313
D0540,Saw,2023-03-29,4184,52.22,0.957,3,0.34,232,1,3,2,644
D0541,Retractor,2024-08-31,3572,51.6,0.505,0,0.4,254,0,8,5,123
D0542,Retractor,2024-10-17,4318,40.63,0.438,0,1.01,293,0,10,3,76
D0543,Drill,2023-01-08,4798,63.97,0.463,3,1.18,169,0,1,6,724
D0544,Saw,2024-04-21,4899,49.25,0.217,2,1.11,316,0,4,6,255
D0545,Retractor,2023-08-03,1293,44.21,0.375,2,1.05,173,0,8,3,517
D0546,Drill,2024-11-15,3759,50.64,0.376,0,1.35,344,0,11,4,47
D0547,Saw,2024-07-05,1131,54.72,0.062,2,0.84,17,0,7,4,180
D0548,Drill,2024-05-11,505,51.39,0.77,1,1.27,69,0,5,5,235
D0549,Retractor,2024-11-24,4974,62.06,0.422,2,0.51,337,0,11,6,38
D0550,Saw,2024-05-17,944,53.84,0.824,3,0.73,115,0,5,4,229
D0551,Drill,2024-11-29,1434,47.16,0.852,1,0.46,79,0,11,4,33
D0552,Retractor,2023-09-02,2008,54.01,0.22,5,0.92,14,0,9,5,487
D0553,Retractor,2024-04-22,3122,55.0,0.661,1,0.99,175,0,4,0,254
D0554,Retractor,2023-11-05,2046,37.04,0.478,2,1.03,268,0,11,6,423
D0555,Retractor,2023-08-19,4335,61.49,0.881,2,1.02,118,0,8,5,501
D0556,Retractor,2024-01-18,554,46.99,0.224,1,0.72,298,0,1,3,349
D0557,Retractor,2023-06-04,1264,47.25,0.681,3,0.94,187,0,6,6,577
D0558,Retractor,2023-06-24,1581,57.51,0.612,1,0.55,56,0,6,5,557
D0559,Drill,2023-04-25,3490,57.47,0.302,1,1.41,198,0,4,1,617
D0560,Saw,2024-01-25,873,42.99,0.145,1,0.91,16,0,1,3,342
D0561,Saw,2023-11-07,978,58.03,0.655,1,0.85,287,0,11,1,421
D0562,Drill,2023-10-27,183,44.4,0.741,4,1.48,54,0,10,4,432
D0563,Retractor,2023-01-18,2155,68.2,0.322,0,0.63,268,0,1,2,714
D0564,Saw,2023-01-12,3677,41.72,0.648,1,0.66,302,0,1,3,720
D0565,Retractor,2024-02-08,4830,52.39,0.401,1,0.67,86,0,2,3,328
D0566,Saw,2024-12-04,1902,42.18,0.716,1,0.98,317,0,12,2,28
D0567,Retractor,2023-08-20,4960,72.23,0.207,1,1.13,28,0,8,6,500
D0568,Drill,2024-08-27,4225,37.62,0.891,1,1.22,21,0,8,1,127
D0569,Retractor,2024-12-30,2983,55.24,0.295,0,1.77,320,0,12,0,2
D0570,Saw,2023-10-05,3334,42.65,0.374,3,0.33,284,0,10,3,454
D0571,Retractor,2023-12-19,4348,46.46,0.068,0,1.18,47,0,12,1,379
D0572,Saw,2023-10-30,2861,54.54,0.12,3,0.83,4,0,10,0,429
D0573,Retractor,2024-06-24,1300,62.25,0.521,1,0.82,249,0,6,0,191
D0574,Saw,2024-04-14,3562,66.23,0.275,6,0.81,162,1,4,6,262
D0575,Saw,2023-03-18,1306,34.63,0.837,1,0.73,201,0,3,5,655
D0576,Saw,2024-06-04,3426,52.68,0.025,2,1.51,100,0,6,1,211
D0577,Retractor,2023-01-24,3536,64.59,0.385,1,1.25,70,0,1,1,708
D0578,Saw,2023-01-15,3634,33.15,0.344,1,1.01,162,0,1,6,717
D0579,Retractor,2024-11-06,1446,53.14,0.029,4,1.41,172,0,11,2,56
D0580,Drill,2024-06-08,3687,49.98,0.133,1,0.55,140,0,6,5,207
D0581,Drill,2023-12-13,3380,54.15,0.42,2,0.6,137,0,12,2,385
D0582,Saw,2023-06-21,2753,42.28,0.498,3,0.35,65,0,6,2,560
D0583,Retractor,2023-11-23,520,35.64,0.41,0,0.79,197,0,11,3,405
D0584,Saw,2024-12-12,1403,30.87,0.536,1,1.05,327,0,12,3,20
D0585,Retractor,2024-04-29,2833,59.76,0.599,1,1.03,227,0,4,0,247
D0586,Retractor,2024-05-03,2881,61.04,0.02,1,1.04,280,0,5,4,243
D0587,Drill,2024-04-06,407,53.03,0.469,3,0.58,171,0,4,5,270
D0588,Retractor,2024-01-13,3069,44.66,0.964,1,1.24,315,1,1,5,354
D0589,Retractor,2024-08-10,717,33.77,0.524,2,1.07,39,0,8,5,144
D0590,Saw,2023-06-13,4518,55.63,0.681,3,1.22,6,0,6,1,568
D0591,Saw,2024-01-07,1195,38.99,0.319,1,0.43,173,0,1,6,360
D0592,Retractor,2024-07-26,4235,42.89,0.776,2,1.09,150,0,7,4,159
D0593,Drill,2024-02-28,3769,44.13,0.775,3,0.64,210,1,2,2,308
D0594,Saw,2024-04-21,2795,48.02,0.526,1,0.88,301,0,4,6,255
D0595,Saw,2024-01-17,589,42.41,0.976,2,1.16,85,0,1,2,350
D0596,Drill,2023-06-04,2829,50.33,0.134,3,1.03,252,0,6,6,577
D0597,Saw,2023-09-14,4186,43.78,0.027,2,0.74,20,0,9,3,475
D0598,Retractor,2024-11-04,4885,57.01,0.772,0,1.0,256,1,11,0,58
D0599,Retractor,2023-03-09,3825,60.31,0.809,3,0.54,32,0,3,3,664
D0600,Retractor,2023-12-10,2558,51.09,0.129,2,1.35,259,0,12,6,388
D0601,Saw,2023-10-04,2829,54.63,0.273,2,0.94,233,0,10,2,455
D0602,Saw,2024-11-03,974,71.18,0.027,0,1.34,2,0,11,6,59
D0603,Saw,2024-01-26,3006,38.27,0.3,1,0.84,346,0,1,4,341
D0604,Saw,2024-03-24,1631,37.67,0.775,0,0.84,307,0,3,6,283
D0605,Retractor,2023-09-16,3374,56.95,0.523,1,0.77,226,0,9,5,473
D0606,Drill,2023-11-03,4535,69.47,0.355,1,1.26,283,1,11,4,425
D0607,Retractor,2023-04-05,305,47.4,0.378,2,0.79,69,0,4,2,637
D0608,Saw,2024-04-08,4854,67.27,0.011,3,1.19,312,1,4,0,268
D0609,Retractor,2023-09-03,1888,50.96,0.307,3,0.89,363,0,9,6,486
D0610,Drill,2024-09-26,1994,43.19,0.65,2,0.41,253,0,9,3,97
D0611,Retractor,2023-07-06,59,40.09,0.974,2,0.83,143,0,7,3,545
D0612,Drill,2024-01-08,2921,56.29,0.849,4,0.65,23,0,1,0,359
D0613,Saw,2024-07-25,847,40.85,0.033,1,1.01,233,0,7,3,160
D0614,Retractor,2024-02-10,1065,50.81,0.9,3,0.64,332,0,2,5,326
D0615,Retractor,2024-02-12,1874,65.83,0.785,3,1.28,174,0,2,0,324
D0616,Retractor,2023-05-05,4519,46.93,0.783,4,0.97,331,1,5,4,607
D0617,Retractor,2023-12-03,3186,63.14,0.463,2,0.95,324,0,12,6,395
D0618,Saw,2023-12-07,2243,37.85,0.404,4,1.2,356,0,12,3,391
D0619,Drill,2024-07-16,273,44.66,0.31,3,1.29,158,0,7,1,169
D0620,Drill,2023-06-27,4998,35.93,0.075,2,0.99,347,0,6,1,554
D0621,Retractor,2024-10-12,4208,50.73,0.236,3,0.77,347,0,10,5,81
D0622,Saw,2023-06-19,3975,57.8,0.254,2,0.47,285,0,6,0,562
D0623,Drill,2023-02-08,4834,50.75,0.489,2,0.79,17,0,2,2,693
D0624,Drill,2023-03-10,4050,62.27,0.75,4,0.81,43,0,3,4,663
D0625,Drill,2023-08-24,1683,42.51,0.479,4,1.03,154,0,8,3,496
D0626,Drill,2024-07-13,2202,52.25,0.067,1,0.9,354,0,7,5,172
D0627,Drill,2024-01-16,560,44.73,0.958,1,1.21,230,0,1,1,351
D0628,Drill,2023-02-26,434,53.62,0.943,0,0.82,315,0,2,6,675
D0629,Saw,2023-10-04,454,55.04,0.787,3,0.98,224,0,10,2,455
D0630,Retractor,2023-04-09,4663,55.82,0.991,1,1.36,216,1,4,6,633
D0631,Drill,2024-06-10,4621,39.29,0.549,6,1.1,55,0,6,0,205
D0632,Saw,2023-11-21,2050,41.1,0.963,1,0.98,30,0,11,1,407
D0633,Saw,2024-04-05,2806,42.96,0.085,1,0.82,356,0,4,4,271
D0634,Retractor,2023-06-28,1718,47.61,0.372,3,0.81,58,0,6,2,553
D0635,Retractor,2024-07-27,1510,50.87,0.233,3,0.74,352,0,7,5,158
D0636,Drill,2023-04-29,3686,57.08,0.204,0,0.84,234,0,4,5,613
D0637,Retractor,2024-04-13,2774,41.52,0.149,2,1.23,106,0,4,5,263
D0638,Retractor,2024-07-02,4859,33.99,0.626,1,0.93,190,0,7,1,183
D0639,Saw,2024-10-07,4228,71.56,0.784,3,0.6,17,1,10,0,86
D0640,Saw,2024-03-30,2098,38.69,0.583,1,1.53,225,0,3,5,277
D0641,Saw,2023-01-26,4196,58.36,0.155,3,1.1,166,0,1,3,706
D0642,Drill,2024-05-04,4830,50.31,0.813,5,0.58,70,0,5,5,242
D0643,Drill,2023-01-08,766,52.51,0.64,0,0.87,361,0,1,6,724
D0644,Retractor,2024-05-30,4594,49.98,0.394,1,1.03,53,0,5,3,216
D0645,Retractor,2024-06-16,4633,46.15,0.677,2,1.51,244,1,6,6,199
D0646,Drill,2023-05-29,1873,54.64,0.267,1,0.67,349,0,5,0,583
D0647,Drill,2024-05-02,2131,45.61,0.352,5,1.29,75,0,5,3,244
D0648,Saw,2023-01-25,3469,61.66,0.918,1,1.42,34,0,1,2,707
D0649,Drill,2024-10-16,1624,55.68,0.298,3,0.81,266,0,10,2,77
D0650,Drill,2024-07-08,299,56.0,0.475,2,0.92,316,0,7,0,177
D0651,Retractor,2024-02-29,723,44.93,0.891,2,0.69,299,0,2,3,307
D0652,Retractor,2023-10-20,4583,47.64,0.711,0,0.94,120,0,10,4,439
D0653,Saw,2023-07-04,2215,38.12,0.072,2,0.99,323,0,7,1,547
D0654,Drill,2024-07-07,820,46.47,0.156,2,1.2,24,0,7,6,178
D0655,Retractor,2024-03-06,4012,39.63,0.018,4,1.33,159,0,3,2,301
D0656,Drill,2024-08-26,4413,63.13,0.635,0,0.78,83,0,8,0,128
D0657,Drill,2023-11-13,2034,50.51,0.453,3,0.41,113,0,11,0,415
D0658,Saw,2024-02-02,1127,51.7,0.143,3,0.99,222,0,2,4,334
D0659,Drill,2023-11-20,285,47.75,0.958,3,1.09,165,0,11,0,408
D0660,Saw,2024-07-18,438,51.98,0.534,2,1.07,190,0,7,3,167
D0661,Retractor,2024-08-18,3087,74.65,0.249,0,0.9,174,0,8,6,136
D0662,Retractor,2024-06-29,4908,47.0,0.506,2,1.04,0,0,6,5,186
D0663,Retractor,2023-03-17,1898,43.5,0.683,2,1.45,228,0,3,4,656
D0664,Retractor,2024-12-09,4769,55.3,0.085,1,1.11,85,0,12,0,23
D0665,Saw,2024-04-30,2864,24.74,0.282,0,0.89,61,0,4,1,246
D0666,Saw,2023-03-29,3424,50.64,0.809,0,0.85,319,1,3,2,644
D0667,Retractor,2023-08-20,3328,46.28,0.465,1,0.95,205,0,8,6,500
D0668,Retractor,2023-01-07,1302,40.08,0.551,0,1.49,104,0,1,5,725
D0669,Retractor,2024-07-03,4031,55.08,0.438,2,0.95,317,0,7,2,182
D0670,Saw,2023-02-21,4723,50.54,0.053,1,0.99,290,0,2,1,680
D0671,Retractor,2024-10-16,2172,31.98,0.174,3,0.86,249,0,10,2,77
D0672,Saw,2024-01-31,4580,43.53,0.451,1,1.33,12,0,1,2,336
D0673,Drill,2023-08-09,2200,21.12,0.217,1,1.59,162,0,8,2,511
D0674,Retractor,2024-03-03,4909,52.93,0.059,6,1.14,42,0,3,6,304
D0675,Saw,2023-05-23,1379,52.83,0.845,3,1.02,110,0,5,1,589
D0676,Saw,2023-12-29,1408,42.07,0.981,1,1.01,204,0,12,4,369
D0677,Saw,2024-01-17,2532,55.4,0.795,1,0.28,255,0,1,2,350
D0678,Drill,2024-07-14,4592,37.18,0.855,4,1.22,306,1,7,6,171
D0679,Retractor,2023-10-04,2067,40.33,0.25,3,1.04,143,0,10,2,455
D0680,Saw,2023-09-28,1381,54.17,0.961,0,1.13,145,0,9,3,461
D0681,Retractor,2023-01-14,4394,43.11,0.205,0,0.79,300,0,1,5,718
D0682,Saw,2023-10-25,4311,49.37,0.952,3,0.88,163,0,10,2,434
D0683,Retractor,2024-04-08,1408,44.36,0.995,3,0.88,168,0,4,0,268
D0684,Drill,2024-06-10,4687,45.89,0.715,4,1.31,297,1,6,0,205
D0685,Saw,2023-08-22,4904,46.33,0.981,2,0.89,232,1,8,1,498
D0686,Saw,2024-07-28,3227,42.93,0.574,1,1.62,270,1,7,6,157
D0687,Drill,2024-12-08,2178,53.02,0.267,4,1.13,59,0,12,6,24
D0688,Retractor,2023-01-27,2230,43.72,0.443,2,0.62,295,0,1,4,705
D0689,Saw,2024-04-15,4942,50.16,0.598,1,0.96,234,0,4,0,261
D0690,Drill,2023-04-03,187,42.71,0.082,2,0.8,164,0,4,0,639
D0691,Saw,2024-09-08,3522,34.66,0.626,2,0.34,193,0,9,6,115
D0692,Saw,2023-11-05,2882,59.12,0.981,2,1.48,233,0,11,6,423
D0693,Saw,2023-02-21,3629,55.0,0.198,1,1.21,182,0,2,1,680
D0694,Retractor,2023-11-15,3081,72.89,0.795,0,1.16,332,1,11,2,413
D0695,Drill,2023-06-30,4214,39.56,0.909,3,1.05,231,1,6,4,551
D0696,Drill,2024-07-22,2643,47.91,0.944,4,0.59,360,0,7,0,163
D0697,Drill,2023-04-30,4350,48.71,0.961,6,0.85,106,1,4,6,612
D0698,Drill,2023-02-12,3868,59.89,0.526,4,1.25,222,0,2,6,689
D0699,Saw,2024-10-08,4188,44.93,0.978,2,0.68,79,0,10,1,85
D0700,Retractor,2023-09-17,3873,38.29,0.76,1,0.24,233,1,9,6,472
D0701,Drill,2023-07-16,4092,62.08,0.17,4,0.93,183,0,7,6,535
D0702,Retractor,2024-10-06,1956,46.83,0.482,2,0.96,184,0,10,6,87
D0703,Drill,2023-09-12,810,58.79,0.721,3,1.04,133,0,9,1,477
D0704,Drill,2023-12-02,3495,57.62,0.255,2,1.22,219,0,12,5,396
D0705,Saw,2024-07-06,949,49.7,0.644,3,1.19,287,0,7,5,179
D0706,Saw,2024-05-16,4505,48.26,0.67,0,1.08,363,0,5,3,230
D0707,Saw,2023-09-12,2997,46.08,0.171,2,1.36,201,0,9,1,477
D0708,Retractor,2024-05-28,1769,49.85,0.569,2,0.54,145,0,5,1,218
D0709,Saw,2024-12-07,330,58.63,0.774,2,1.15,323,0,12,5,25
D0710,Saw,2023-08-30,3316,42.04,0.504,3,1.19,126,0,8,2,490
D0711,Drill,2023-05-29,1937,51.09,0.022,2,0.63,134,0,5,0,583
D0712,Drill,2024-12-10,3316,38.81,0.019,2,0.55,113,0,12,1,22
D0713,Saw,2023-10-26,716,40.06,0.363,3,0.78,263,0,10,3,433
D0714,Saw,2024-09-11,4238,49.69,0.927,5,0.8,63,0,9,2,112
D0715,Retractor,2024-03-28,721,30.4,0.236,3,1.23,134,0,3,3,279
D0716,Retractor,2024-01-28,2019,70.61,0.638,0,0.82,40,0,1,6,339
D0717,Drill,2023-07-31,4206,38.07,0.23,2,0.74,295,0,7,0,520
D0718,Retractor,2024-10-29,3172,49.6,0.328,3,0.82,2,0,10,1,64
D0719,Saw,2024-06-21,4749,61.68,0.85,2,1.34,193,1,6,4,194
D0720,Saw,2024-08-16,4827,41.37,0.732,3,1.0,109,0,8,4,138
D0721,Drill,2024-08-17,3950,26.97,0.104,2,0.95,220,0,8,5,137
D0722,Saw,2023-05-11,573,45.55,0.434,0,0.97,3,0,5,3,601
D0723,Saw,2023-11-25,2443,41.25,0.039,2,1.39,243,0,11,5,403
D0724,Saw,2024-09-03,3167,27.24,0.486,1,0.78,165,0,9,1,120
D0725,Saw,2023-09-13,2643,52.85,0.666,2,1.39,25,0,9,2,476
D0726,Retractor,2024-04-23,2018,52.07,0.127,2,1.06,16,0,4,1,253
D0727,Retractor,2024-07-14,1803,61.42,0.296,4,0.95,215,0,7,6,171
D0728,Retractor,2023-03-04,2346,38.79,0.404,0,1.75,91,0,3,5,669
D0729,Retractor,2023-11-07,2311,34.01,0.92,2,0.68,30,0,11,1,421
D0730,Retractor,2024-02-11,2336,45.93,0.993,0,0.89,204,0,2,6,325
D0731,Drill,2023-04-15,4252,49.12,0.054,0,0.63,206,0,4,5,627
D0732,Saw,2024-09-08,2928,59.21,0.763,1,1.29,106,0,9,6,115
D0733,Drill,2023-01-15,4193,64.11,0.378,2,1.51,145,0,1,6,717
D0734,Saw,2024-11-17,3694,62.14,0.399,0,1.5,100,0,11,6,45
D0735,Saw,2023-09-16,4482,52.77,0.757,1,1.37,317,1,9,5,473
D0736,Saw,2024-12-23,2105,57.99,0.919,4,0.94,240,0,12,0,9
D0737,Drill,2024-02-16,4770,43.6,0.951,3,0.89,246,1,2,4,320
D0738,Saw,2023-09-16,1326,51.68,0.581,4,0.5,162,0,9,5,473
D0739,Saw,2024-09-05,2816,38.09,0.364,2,1.61,172,0,9,3,118
D0740,Retractor,2023-09-17,352,50.63,0.79,2,1.14,34,0,9,6,472
D0741,Retractor,2024-11-01,688,50.89,0.258,2,0.85,283,0,11,4,61
D0742,Saw,2023-02-14,105,67.22,0.568,1,1.4,358,0,2,1,687
D0743,Retractor,2023-11-27,4871,47.71,0.365,1,0.71,357,0,11,0,401
D0744,Drill,2023-06-14,575,50.9,0.66,1,1.12,20,0,6,2,567
D0745,Saw,2023-07-12,4619,52.37,0.248,1,0.95,307,0,7,2,539
D0746,Drill,2024-06-04,4173,45.45,0.2,3,1.19,162,0,6,1,211
D0747,Retractor,2024-02-05,2175,41.98,0.919,2,0.98,96,0,2,0,331
D0748,Retractor,2024-01-09,3337,62.99,0.111,2,0.56,306,0,1,1,358
D0749,Drill,2023-03-06,414,40.19,0.511,2,1.02,338,0,3,0,667
D0750,Saw,2024-01-22,4671,36.72,0.229,0,1.31,54,0,1,0,345
D0751,Retractor,2024-05-09,1696,56.8,0.049,1,0.99,332,0,5,3,237
D0752,Retractor,2024-11-23,968,61.58,0.046,4,1.23,126,0,11,5,39
D0753,Retractor,2024-02-19,2847,45.49,0.183,2,0.69,192,0,2,0,317
D0754,Drill,2023-01-30,1581,45.64,0.868,4,0.99,242,0,1,0,702
D0755,Drill,2023-09-23,3395,52.83,0.29,4,0.81,348,0,9,5,466
D0756,Retractor,2023-11-24,1956,42.92,0.951,2,1.22,87,0,11,4,404
D0757,Saw,2024-05-06,3136,42.18,0.586,1,1.01,335,0,5,0,240
D0758,Drill,2023-08-05,4630,58.8,0.442,3,1.21,214,0,8,5,515
D0759,Saw,2023-11-16,2125,56.07,0.584,3,1.33,91,0,11,3,412
D0760,Drill,2024-02-03,763,63.11,0.522,1,1.21,302,0,2,5,333
D0761,Drill,2023-04-15,1112,37.47,0.761,1,1.08,234,0,4,5,627
D0762,Saw,2024-11-26,2026,44.98,0.29,4,0.7,183,0,11,1,36
D0763,Saw,2023-11-26,1346,52.81,0.36,1,1.0,37,0,11,6,402
D0764,Saw,2024-10-21,175,40.74,0.895,4,0.84,138,0,10,0,72
D0765,Drill,2024-09-08,4682,56.42,0.947,0,0.9,194,1,9,6,115
D0766,Saw,2023-02-16,3646,62.25,0.894,3,0.89,14,0,2,3,685
D0767,Saw,2024-08-21,3333,44.17,0.425,3,0.71,256,0,8,2,133
D0768,Saw,2024-10-02,1653,50.39,0.783,3,0.41,134,0,10,2,91
D0769,Saw,2023-11-10,116,64.56,0.482,2,0.8,0,0,11,4,418
D0770,Saw,2023-05-27,282,67.99,0.503,1,1.06,48,0,5,5,585
D0771,Saw,2024-04-06,2206,57.46,0.213,0,0.6,95,0,4,5,270
D0772,Saw,2024-08-06,1219,55.93,0.595,2,1.0,200,0,8,1,148
D0773,Drill,2024-04-30,2208,41.46,0.194,2,1.57,25,0,4,1,246
D0774,Saw,2024-10-13,4256,53.59,0.338,2,1.31,342,0,10,6,80
D0775,Drill,2024-02-14,1543,55.57,0.856,3,1.49,234,0,2,2,322
D0776,Retractor,2023-01-27,4768,47.9,0.215,3,1.12,348,0,1,4,705
D0777,Retractor,2023-01-29,4057,44.05,0.08,1,1.35,243,0,1,6,703
D0778,Drill,2023-09-28,2522,37.19,0.078,2,0.78,357,0,9,3,461
D0779,Saw,2024-11-16,2710,32.62,0.941,1,0.81,326,0,11,5,46
D0780,Drill,2024-05-15,2789,30.52,0.512,2,0.18,350,0,5,2,231
D0781,Retractor,2023-09-10,1811,55.79,0.415,0,1.36,50,0,9,6,479
D0782,Drill,2024-01-20,3564,51.48,0.813,1,1.46,80,0,1,5,347
D0783,Retractor,2023-03-01,2025,45.16,0.837,1,0.83,35,0,3,2,672
D0784,Drill,2023-04-17,2412,46.69,0.339,2,0.92,66,0,4,0,625
D0785,Drill,2023-08-08,926,52.1,0.697,1,0.77,128,0,8,1,512
D0786,Drill,2024-03-16,3862,48.35,0.773,1,1.11,154,0,3,5,291
D0787,Drill,2024-10-19,3498,36.59,0.658,2,1.34,244,0,10,5,74
D0788,Drill,2024-07-17,1362,59.13,0.16,4,0.48,110,0,7,2,168
D0789,Retractor,2024-07-25,1510,53.04,0.877,0,1.12,167,0,7,3,160
D0790,Drill,2024-06-29,2759,52.66,0.544,1,0.92,141,0,6,5,186
D0791,Drill,2023-04-06,2374,58.38,0.29,4,1.03,355,0,4,3,636
D0792,Drill,2023-03-30,1783,41.86,0.431,2,1.14,196,0,3,3,643
D0793,Saw,2023-08-19,1655,62.14,0.047,1,0.94,108,0,8,5,501
D0794,Retractor,2023-10-02,2613,48.6,0.137,1,0.97,78,0,10,0,457
D0795,Drill,2023-09-03,3471,58.89,0.768,3,0.94,160,0,9,6,486
D0796,Retractor,2023-04-21,3567,57.34,0.01,1,1.29,18,0,4,4,621
D0797,Drill,2023-08-22,2447,39.61,0.422,3,1.13,126,0,8,1,498
D0798,Saw,2023-10-05,3785,55.03,0.527,3,1.07,204,0,10,3,454
D0799,Retractor,2024-04-21,2920,53.26,0.064,2,0.62,28,0,4,6,255
D0800,Saw,2024-02-21,1210,50.3,0.973,2,0.89,206,0,2,2,315
D0801,Saw,2024-11-08,4904,49.06,0.234,4,1.27,279,0,11,4,54
D0802,Drill,2023-05-08,292,49.14,0.311,1,1.01,150,0,5,0,604
D0803,Retractor,2023-08-25,2640,58.13,0.311,1,1.2,239,0,8,4,495
D0804,Retractor,2024-09-10,1113,55.78,0.238,2,1.53,265,0,9,1,113
D0805,Retractor,2023-05-08,4374,50.3,0.011,1,1.31,181,0,5,0,604
D0806,Retractor,2024-12-07,2645,35.08,0.732,3,1.03,104,0,12,5,25
D0807,Drill,2024-01-29,969,54.94,0.967,3,0.85,235,0,1,0,338
D0808,Drill,2024-04-19,55,57.24,0.232,4,0.23,172,0,4,4,257
D0809,Saw,2024-10-16,517,73.0,0.666,1,0.95,157,0,10,2,77
D0810,Drill,2024-01-30,4220,60.75,0.744,1,0.9,171,0,1,1,337
D0811,Retractor,2023-04-21,53,31.01,0.85,1,1.12,310,0,4,4,621
D0812,Drill,2023-03-31,695,50.78,0.428,1,0.95,156,0,3,4,642
D0813,Saw,2023-10-07,167,68.11,0.31,2,0.9,257,0,10,5,452
D0814,Retractor,2023-11-29,2978,56.24,0.332,0,0.47,163,0,11,2,399
D0815,Retractor,2023-08-12,2601,53.29,0.715,1,0.72,146,0,8,5,508
D0816,Saw,2023-04-11,4339,59.0,0.819,2,1.14,153,0,4,1,631
D0817,Saw,2023-05-12,896,43.78,0.19,4,1.51,37,0,5,4,600
D0818,Retractor,2023-01-13,2812,54.78,0.377,0,0.97,130,0,1,4,719
D0819,Drill,2024-04-01,1191,47.5,0.903,0,1.1,357,0,4,0,275
D0820,Drill,2024-03-16,1860,49.8,0.809,1,1.29,254,0,3,5,291
D0821,Retractor,2023-04-08,773,58.28,0.985,1,0.76,207,0,4,5,634
D0822,Retractor,2023-04-30,274,40.73,0.757,4,1.11,94,0,4,6,612
D0823,Retractor,2023-10-20,4677,62.88,0.399,2,0.78,347,0,10,4,439
D0824,Drill,2024-12-11,4258,45.77,0.595,2,1.26,326,0,12,2,21
D0825,Drill,2023-01-01,4704,52.61,0.664,2,1.05,170,0,1,6,731
D0826,Retractor,2024-07-25,2098,35.99,0.088,5,1.09,249,0,7,3,160
D0827,Saw,2023-09-07,4799,57.2,0.549,3,0.77,189,0,9,3,482
D0828,Retractor,2024-10-13,4465,64.47,0.712,4,1.21,198,1,10,6,80
D0829,Retractor,2023-05-29,1623,44.85,0.176,3,1.63,220,0,5,0,583
D0830,Drill,2024-01-30,1878,38.9,0.783,0,0.7,23,0,1,1,337
D0831,Retractor,2023-02-13,1967,52.78,0.588,3,0.9,243,0,2,0,688
D0832,Drill,2024-11-28,4284,64.55,0.953,2,1.07,323,1,11,3,34
D0833,Saw,2024-09-11,2076,35.5,0.052,3,1.24,127,0,9,2,112
D0834,Retractor,2023-02-13,3794,38.94,0.273,3,0.83,92,0,2,0,688
D0835,Saw,2023-03-19,951,45.46,0.606,1,0.15,299,0,3,6,654
D0836,Retractor,2023-08-14,4835,41.8,0.304,1,1.41,132,0,8,0,506
D0837,Saw,2023-06-11,2089,41.83,0.717,4,1.23,54,0,6,6,570
D0838,Drill,2023-09-10,59,29.06,0.761,0,0.48,157,0,9,6,479
D0839,Retractor,2023-05-12,310,55.89,0.111,2,0.82,28,0,5,4,600
D0840,Retractor,2024-03-23,1723,53.39,0.519,3,1.47,210,0,3,5,284
D0841,Saw,2024-04-18,2269,33.01,0.514,1,1.43,153,0,4,3,258
D0842,Drill,2024-10-17,2110,64.57,0.376,0,1.28,292,0,10,3,76
D0843,Saw,2023-04-19,3763,66.81,0.934,3,0.95,221,1,4,2,623
D0844,Saw,2024-12-06,1669,42.49,0.829,2,1.02,114,0,12,4,26
D0845,Drill,2023-02-04,370,61.67,0.7,1,0.96,157,0,2,5,697
D0846,Saw,2024-04-11,1392,44.27,0.717,2,1.34,258,0,4,3,265
D0847,Saw,2023-10-02,2426,51.81,0.467,1,0.74,250,0,10,0,457
D0848,Retractor,2023-07-06,2882,41.64,0.922,0,0.76,121,0,7,3,545
D0849,Saw,2023-08-31,2874,72.14,0.698,2,1.3,298,0,8,3,489
D0850,Retractor,2023-09-21,2044,47.04,0.732,0,0.99,262,0,9,3,468
D0851,Drill,2024-06-05,3008,51.26,0.863,3,1.41,48,0,6,2,210
D0852,Saw,2024-11-08,2088,43.12,0.281,2,0.8,328,0,11,4,54
D0853,Drill,2024-06-24,3540,68.61,0.809,4,0.98,296,1,6,0,191
D0854,Retractor,2023-03-28,3727,68.87,0.203,1,0.72,361,1,3,1,645
D0855,Retractor,2024-06-18,1168,66.31,0.352,0,1.0,76,0,6,1,197
D0856,Retractor,2023-07-29,1654,59.56,0.342,0,0.56,126,0,7,5,522
D0857,Saw,2023-02-15,4077,43.75,0.979,4,0.85,196,1,2,2,686
D0858,Retractor,2024-04-11,285,58.28,0.858,0,0.57,220,0,4,3,265
D0859,Retractor,2024-06-23,2019,49.93,0.704,5,1.21,90,0,6,6,192
D0860,Saw,2023-01-26,4479,63.12,0.73,0,1.21,7,0,1,3,706
D0861,Saw,2023-09-23,1958,61.16,0.566,3,0.48,31,0,9,5,466
D0862,Saw,2023-06-24,425,43.51,0.948,2,1.4,319,0,6,5,557
D0863,Retractor,2024-05-30,3580,59.48,0.501,1,1.75,268,1,5,3,216
D0864,Retractor,2023-11-07,2685,56.82,0.387,1,1.01,190,0,11,1,421
D0865,Saw,2023-11-18,1620,22.26,0.171,1,0.81,348,0,11,5,410
D0866,Saw,2024-08-01,2610,58.01,0.788,2,1.85,162,0,8,3,153
D0867,Drill,2023-05-15,3441,45.68,0.737,3,0.6,60,0,5,0,597
D0868,Drill,2023-02-24,3015,41.14,0.391,2,1.01,263,0,2,4,677
D0869,Saw,2024-06-26,3693,41.57,0.035,3,1.05,284,0,6,2,189
D0870,Saw,2024-08-08,3900,48.65,0.841,3,1.4,94,0,8,3,146
D0871,Drill,2024-06-14,922,54.8,0.021,1,1.11,40,0,6,4,201
D0872,Saw,2023-06-05,1302,36.35,0.707,2,0.85,148,0,6,0,576
D0873,Retractor,2024-10-29,1364,51.9,0.971,2,0.71,203,0,10,1,64
D0874,Retractor,2023-05-27,4870,55.77,0.443,2,0.9,266,0,5,5,585
D0875,Retractor,2024-04-29,2948,68.62,0.243,4,0.7,1,0,4,0,247
D0876,Saw,2024-08-21,127,39.23,0.708,1,1.01,177,0,8,2,133
D0877,Saw,2023-01-20,2671,46.5,0.819,0,0.83,193,0,1,4,712
D0878,Drill,2023-09-26,4277,52.62,0.551,1,0.55,335,0,9,1,463
D0879,Saw,2023-11-29,650,61.47,0.967,2,1.38,195,0,11,2,399
D0880,Saw,2024-07-08,1115,46.96,0.061,0,0.85,342,0,7,0,177
D0881,Drill,2024-02-05,2186,61.99,0.51,1,0.62,248,0,2,0,331
D0882,Saw,2023-11-02,2499,30.63,0.721,0,0.95,211,0,11,3,426
D0883,Drill,2023-01-28,2393,37.47,0.864,2,1.02,152,0,1,5,704
D0884,Saw,2024-04-11,1913,53.49,0.187,2,0.48,157,0,4,3,265
D0885,Saw,2023-09-17,1368,35.89,0.802,3,1.1,361,0,9,6,472
D0886,Saw,2024-06-17,4761,38.26,0.557,0,0.69,138,0,6,0,198
D0887,Saw,2023-04-11,3647,44.72,0.403,5,1.51,220,1,4,1,631
D0888,Retractor,2024-07-04,3812,57.71,0.14,5,1.16,272,0,7,3,181
D0889,Retractor,2023-12-19,4720,31.04,0.867,1,0.88,153,0,12,1,379
D0890,Saw,2023-10-27,2240,51.7,0.166,4,0.78,248,0,10,4,432
D0891,Retractor,2024-11-12,1042,60.33,0.317,2,0.97,278,0,11,1,50
D0892,Drill,2023-10-23,2762,48.05,0.297,3,1.18,303,0,10,0,436
D0893,Retractor,2023-12-19,2242,46.31,0.873,2,0.99,275,0,12,1,379
D0894,Drill,2023-05-10,1298,54.02,0.676,3,0.93,1,0,5,2,602
D0895,Drill,2023-06-05,3104,48.08,0.799,2,1.02,87,0,6,0,576
D0896,Drill,2023-03-15,4648,63.9,0.258,2,0.82,286,0,3,2,658
D0897,Retractor,2023-12-08,4083,38.89,0.629,2,0.9,129,0,12,4,390
D0898,Saw,2024-04-09,2047,49.48,0.576,2,0.37,77,0,4,1,267
D0899,Saw,2023-03-31,4966,52.06,0.835,0,1.29,259,1,3,4,642
D0900,Retractor,2024-08-01,3737,46.22,0.907,4,1.09,240,1,8,3,153
D0901,Drill,2024-03-30,2201,21.29,0.022,4,0.77,140,0,3,5,277
D0902,Retractor,2024-12-12,4068,48.39,0.677,1,1.57,227,1,12,3,20
D0903,Saw,2023-11-28,3160,59.0,0.061,3,1.03,162,0,11,1,400
D0904,Retractor,2023-12-14,2020,57.78,0.553,0,0.69,235,0,12,3,384
D0905,Retractor,2023-08-21,247,53.55,0.295,2,1.26,127,0,8,0,499
D0906,Saw,2024-08-20,2676,39.02,0.314,0,1.12,199,0,8,1,134
D0907,Saw,2023-04-12,1252,53.95,0.359,3,1.12,30,0,4,2,630
D0908,Drill,2024-04-25,2085,44.27,0.625,2,0.87,137,0,4,3,251
D0909,Drill,2023-08-02,527,53.53,0.341,1,1.14,20,0,8,2,518
D0910,Saw,2023-04-18,1304,51.22,0.735,0,0.92,233,0,4,1,624
D0911,Drill,2023-06-14,972,40.24,0.41,0,1.17,201,0,6,2,567
D0912,Saw,2024-08-25,469,41.08,0.078,4,0.43,278,0,8,6,129
D0913,Retractor,2024-12-04,2254,53.55,0.786,2,0.87,130,0,12,2,28
D0914,Drill,2023-12-01,2647,47.79,0.293,2,1.52,147,0,12,4,397
D0915,Saw,2023-03-27,1170,41.6,0.438,3,0.77,28,0,3,0,646
D0916,Retractor,2024-02-28,3118,40.77,0.689,5,0.82,360,0,2,2,308
D0917,Retractor,2024-09-04,1000,46.96,0.339,3,0.87,307,0,9,2,119
D0918,Saw,2023-12-30,2386,65.68,0.066,0,0.64,161,0,12,5,368
D0919,Saw,2023-03-01,2293,44.74,0.38,0,0.34,356,0,3,2,672
D0920,Retractor,2024-04-26,2695,49.86,0.945,2,0.93,339,0,4,4,250
D0921,Retractor,2023-09-07,1907,51.02,0.645,2,1.04,60,0,9,3,482
D0922,Saw,2024-07-13,4662,38.69,0.675,2,0.98,124,0,7,5,172
D0923,Saw,2023-04-27,1915,32.37,0.636,3,0.96,70,0,4,3,615
D0924,Retractor,2024-06-28,2962,39.73,0.207,0,1.01,325,0,6,4,187
D0925,Retractor,2023-02-13,2903,52.47,0.424,0,1.31,363,0,2,0,688
D0926,Saw,2024-05-23,4960,50.87,0.753,3,0.94,242,1,5,3,223
D0927,Saw,2023-06-14,3278,57.02,0.11,2,0.83,248,0,6,2,567
D0928,Retractor,2024-01-03,3769,50.97,0.285,3,0.92,220,0,1,2,364
D0929,Saw,2023-10-19,3278,48.9,0.284,1,1.17,20,0,10,3,440
D0930,Saw,2023-10-13,2421,43.96,0.438,3,1.42,81,0,10,4,446
D0931,Saw,2023-07-23,2941,58.85,0.981,3,0.81,343,0,7,6,528
D0932,Saw,2024-11-14,3806,40.81,0.077,1,1.03,9,0,11,3,48
D0933,Drill,2024-06-07,4275,38.9,0.524,3,1.1,11,0,6,4,208
D0934,Drill,2023-05-01,144,55.67,0.188,4,0.7,262,0,5,0,611
D0935,Retractor,2024-10-25,2724,36.67,0.971,2,1.01,144,0,10,4,68
D0936,Drill,2024-10-25,2005,74.15,0.122,1,0.56,191,0,10,4,68
D0937,Saw,2023-07-07,843,50.8,0.41,4,0.47,249,0,7,4,544
D0938,Drill,2023-01-13,1884,53.48,0.741,1,1.11,113,0,1,4,719
D0939,Retractor,2024-08-25,2166,41.92,0.708,1,0.88,25,0,8,6,129
D0940,Retractor,2023-07-19,4156,46.85,0.429,3,1.06,270,0,7,2,532
D0941,Retractor,2024-08-08,3375,45.73,0.353,1,0.99,32,0,8,3,146
D0942,Drill,2024-03-31,2969,44.58,0.404,4,0.71,61,0,3,6,276
D0943,Drill,2024-03-23,2647,56.33,0.272,3,0.99,228,0,3,5,284
D0944,Drill,2023-03-12,3255,45.5,0.213,0,0.63,302,0,3,6,661
D0945,Retractor,2024-08-12,4857,60.18,0.488,2,1.42,94,0,8,0,142
D0946,Saw,2023-05-10,864,76.63,0.276,3,0.59,34,0,5,2,602
D0947,Saw,2023-02-12,395,47.04,0.295,2,0.94,192,0,2,6,689
D0948,Retractor,2024-06-03,2399,51.52,0.66,1,0.69,75,0,6,0,212
D0949,Retractor,2023-01-13,412,53.79,0.969,4,1.17,248,0,1,4,719
D0950,Retractor,2024-12-25,2493,68.12,0.608,1,0.9,82,0,12,2,7
D0951,Retractor,2024-09-14,2315,49.17,0.086,1,0.84,24,0,9,5,109
D0952,Saw,2024-06-18,2238,41.71,0.085,0,1.26,56,0,6,1,197
D0953,Drill,2023-10-29,3055,37.34,0.952,3,1.01,31,0,10,6,430
D0954,Drill,2024-06-10,3331,49.42,0.304,0,1.15,318,0,6,0,205
D0955,Saw,2024-10-03,1034,45.52,0.101,2,0.71,11,0,10,3,90
D0956,Drill,2024-07-26,1689,70.1,0.603,1,0.58,318,0,7,4,159
D0957,Saw,2023-04-25,877,67.7,0.627,1,1.03,332,0,4,1,617
D0958,Drill,2024-04-04,2780,39.66,0.652,2,0.9,91,0,4,3,272
D0959,Saw,2024-05-19,3581,42.89,0.275,4,1.19,0,0,5,6,227
D0960,Drill,2023-11-04,4501,50.74,0.025,4,0.98,325,0,11,5,424
D0961,Retractor,2023-11-21,2985,63.97,0.965,3,1.06,135,0,11,1,407
D0962,Retractor,2024-08-01,3926,50.57,0.258,4,0.51,195,0,8,3,153
D0963,Drill,2023-06-24,176,43.53,0.679,1,1.57,132,0,6,5,557
D0964,Saw,2024-05-28,3227,49.41,0.71,2,0.95,85,0,5,1,218
D0965,Drill,2023-06-21,3106,43.72,0.614,1,1.21,294,0,6,2,560
D0966,Drill,2024-05-16,653,56.02,0.32,1,0.75,278,0,5,3,230
D0967,Retractor,2023-11-30,3499,42.91,0.278,4,1.09,323,0,11,3,398
D0968,Saw,2023-10-11,4196,44.9,0.602,2,0.61,179,0,10,2,448
D0969,Retractor,2024-04-19,3583,61.62,0.867,0,1.14,3,0,4,4,257
D0970,Drill,2023-02-23,3417,42.32,0.947,3,0.89,125,0,2,3,678
D0971,Retractor,2024-04-02,3418,35.54,0.115,1,1.01,174,0,4,1,274
D0972,Saw,2024-08-01,3847,50.95,0.163,2,1.21,250,0,8,3,153
D0973,Drill,2024-02-24,1842,46.4,0.945,2,0.63,20,0,2,5,312
D0974,Drill,2024-09-05,2911,55.11,0.739,0,0.79,104,0,9,3,118
D0975,Retractor,2024-09-23,3526,53.17,0.884,2,1.14,65,0,9,0,100
D0976,Saw,2024-12-03,3467,49.68,0.211,5,1.63,262,1,12,1,29
D0977,Saw,2024-02-13,1695,49.39,0.592,2,0.96,48,0,2,1,323
D0978,Saw,2023-10-31,1255,42.64,0.704,3,1.18,15,0,10,1,428
D0979,Saw,2024-07-12,3080,50.83,0.683,0,0.97,144,0,7,4,173
D0980,Saw,2023-08-10,2922,58.81,0.414,2,1.58,339,0,8,3,510
D0981,Drill,2024-06-16,3122,40.27,0.025,1,0.48,249,0,6,6,199
D0982,Drill,2023-06-07,1904,49.95,0.587,3,1.03,342,0,6,2,574
D0983,Saw,2023-12-14,4071,60.38,0.261,2,0.51,353,0,12,3,384
D0984,Saw,2023-06-08,4712,55.05,0.456,1,0.25,74,0,6,3,573
D0985,Drill,2023-08-23,2758,63.09,0.958,2,1.09,289,0,8,2,497
D0986,Drill,2024-10-23,3552,44.32,0.405,1,1.04,281,0,10,2,70
D0987,Saw,2024-02-09,1382,31.69,0.841,2,0.91,65,0,2,4,327
D0988,Saw,2023-09-14,251,52.01,0.197,5,0.97,124,0,9,3,475
D0989,Drill,2024-11-07,3557,53.63,0.676,3,1.93,318,1,11,3,55
D0990,Retractor,2024-08-11,4262,63.68,0.977,4,0.92,86,0,8,6,143
D0991,Retractor,2024-08-19,624,61.88,0.111,2,1.15,40,0,8,0,135
D0992,Retractor,2024-07-11,586,55.37,0.018,2,0.81,185,0,7,3,174
D0993,Drill,2023-02-16,1675,57.65,0.439,0,1.09,353,0,2,3,685
D0994,Drill,2023-08-01,2172,48.08,0.102,2,0.93,334,0,8,1,519
D0995,Drill,2024-04-23,435,37.81,0.751,1,0.88,265,0,4,1,253
D0996,Retractor,2024-05-01,3331,51.18,0.915,1,1.55,270,1,5,2,245
D0997,Saw,2024-07-24,524,59.83,0.44,2,1.35,41,0,7,2,161
D0998,Drill,2024-07-19,467,56.56,0.266,3,1.04,92,0,7,4,166
D0999,Drill,2023-12-08,3650,58.34,0.44,1,0.31,184,0,12,4,390
D1000,Drill,2024-06-07,1004,45.72,0.726,2,0.89,214,0,6,4,208
